item,itemLabel,position,positionLabel,start,end,psid
Q100258784,Al -Cherif Ahmed Omar Badr,Q112325294,Investment,2002-11-30,2005-09-21,Q100258784-A9EE049C-27C0-4E33-9B56-C24E0A9340D7
Q106661767,Zubair Ahmed al-Hassan,Q112325281,Energy and Mining,2008-02-13,2010-06-16,Q106661767-156F9900-38EA-4722-B005-EB3FF2A3D911
Q106661767,Zubair Ahmed al-Hassan,Q105926147,Finance,2002-05-07,2008-02-13,Q106661767-3ECE3620-C1F8-41A3-9686-00434CDB97FC
Q111184176,Ibrahim Mohamed Omar,Q111192637,Science and Technology,2008-02-13,2010-06-16,Q111184176-64d893d8-4abf-ee7f-cc45-ee29efe346b6
Q112325535,Abd al-Basit Sabdirat,Q112325297,Justice,2008-02-13,2010-06-16,Q112325535-761D478B-F71A-43DF-AC5C-FCA45FA42D1B
Q112325535,Abd al-Basit Sabdirat,Q112325284,Federal Government,2005-09-21,2007-12-26,Q112325535-BD410D61-3BCF-472E-AEB9-3AA3840134D1
Q112325535,Abd al-Basit Sabdirat,Q112325307,Relations with the Parliament,2001-02-23,2005-09-21,Q112325535-BE233B95-9B1E-426E-9614-39390F106B8A
Q112325536,Abd al-Hamid Musa Kasha,Q112325283,External Trade,2001-02-23,2005-09-21,Q112325536-162FDB14-2F9C-495F-B35A-70D279E149AF
Q112325538,Abd-al-Rahman Sa’id Abd-al Rahman,Q111192637,Science and Technology,2007-12-26,2008-02-13,Q112325538-CC76F097-FE9D-4915-8F81-9E2EA17F7479
Q112325539,Abdalla Ali Masar,Q112325291,Information,2011-12-27,2012-04-30,Q112325539-476AABE0-CA2D-4AE4-A59D-1AD2C2B5ACE5
Q112325540,Abdalla Suleiman Abdala,Q112325266,Agriculture,2018-05-14,2018-09-09,Q112325540-6AC4EFCF-3B8E-4B36-B365-2A53ED3CA024
Q112325541,Abdalla Tiya Guma’a,Q112325286,Health,2010-06-16,2011-12-27,Q112325541-D4344C50-4562-4828-ACBD-CEDF56B48FBB
Q112325542,Abdallah Hassan Ahmed,Q112325293,International Cooperation and Investment,1998-03-09,2000-01-24,Q112325542-929146D7-FC30-4C72-A213-CE7E064F5C56
Q112325543,Abdallah Mohammed Sid Ahmed,Q112325268,Animal Health,2000-01-24,2001-02-23,Q112325543-CB7DBB34-803A-4EBA-AD98-E1BDEDCD9A5F
Q112325544,Abdalrahman Said,Q112325284,Federal Government,2007-12-26,2010-06-16,Q112325544-B2486E71-89B1-4572-80C8-68FB0CFFCD9A
Q112325546,Abdel Wahab Osmane,Q105926147,Finance and National Economy,1996-04-21,2000-01-24,Q112325546-D3AB1428-2AFE-45E8-8CF0-C05C9116A357
Q112325547,Abdel Wahid Yousif Ibrahim,Q112325292,Interior,2013-12-08,2014-06-25,Q112325547-75721570-63E4-4C86-96C0-1C47906B2F92
Q112325547,Abdel Wahid Yousif Ibrahim,Q112325309,Roads and Bridges,2014-06-25,2015-06-07,Q112325547-D9ED6F8B-F728-4A11-8ECB-3801F9B57884
Q112325549,Abdin Muhammad Sharif,Q112325288,Human Resources,2011-12-27,2012-07-09,Q112325549-D4FF9236-D7A6-4C7D-BAA8-B7EC669CD494
Q112325550,Abdul Basit Abdulmajid,Q112325276,Culture and Tourism,2001-02-23,2002-08-19,Q112325550-64194BD8-1689-41F9-B810-D1D1702039BD
Q112325550,Abdul Basit Abdulmajid,Q112325276,Culture,2002-08-19,2005-09-21,Q112325550-6FED5EAB-A32C-49EB-9525-25D5B06D31AD
Q112325550,Abdul Basit Abdulmajid,Q112325302,National Education,2000-01-24,2001-02-23,Q112325550-DF27F142-6F1E-42BB-BD5A-EDEA29ADF9B7
Q112325551,Abdul Rahim Mahmud Hamdi,Q105926147,Finance,2001-02-23,2002-05-07,Q112325551-3458187B-65C0-4EAE-8FFA-F4459D68F724
Q112325552,Abdul-Bagi Al-Gailani,Q112325300,Minerals,2010-06-16,2011-12-27,Q112325552-EA3184DA-6B0E-4297-AEC3-11D6AF34D6E6
Q112325553,Abdul-Halim Ismail al-Muaafi,Q112325266,Agriculture and Irrigation,2011-12-27,2013-12-08,Q112325553-1A23CD1B-1B89-44A3-BB80-AA42FB93B6D6
Q112325553,Abdul-Halim Ismail al-Muaafi,Q112325266,Agriculture,2010-06-16,2011-12-27,Q112325553-6F20E4F5-FDE6-4B90-B766-6F2D204CE320
Q112325553,Abdul-Halim Ismail al-Muaafi,Q112325290,Industry,2000-01-24,2001-02-23,Q112325553-7605124A-4135-42B0-94FB-CB8AFE60DAC1
Q112325554,Abdul-Karim Musa,Q112325322,Youth and Sports,2017-05-12,2018-05-14,Q112325554-FC729AEA-715E-4454-8562-439BF6EA1073
Q112325555,Abdul-Latif Ahmed Mohamed Ujaimi,Q112325266,Agriculture,2017-05-12,2018-05-14,Q112325555-699A33CE-BDB8-4671-B7DE-71BE39BD90BE
Q112325557,Abdul-Rahman Osman Abdul-Rahman,Q112325303,Petroleum and Gas,2017-05-12,2018-05-14,Q112325557-DBC5BDFC-9F21-4946-B25C-FC6728B85368
Q112325558,Abdul-Wahab Mohamed Osman,Q112325309,Roads and Bridges,2010-06-16,2011-12-27,Q112325558-4F9C6832-9420-4168-859D-DAE4356079E0
Q112325558,Abdul-Wahab Mohamed Osman,Q112325290,Industry,2011-12-27,2013-12-08,Q112325558-7CA5B0FC-DB5A-40F3-8971-303FAA6CC73D
Q112325559,Abdulrahman Sir el Khatim,Q85851442,Defence,1999-03-06,2000-07-10,Q112325559-4D9F0521-679B-468C-8A87-0AFA7677CA96
Q112325559,Abdulrahman Sir el Khatim,Q112325274,Minister of Cabinet Affairs,2000-07-10,2001-02-23,Q112325559-4DD25123-6D45-4F7E-AAA5-B1A9F32A6C86
Q112325560,Abu-Bakr Ahmed Abdul-Rahim,Q112325297,Justice,2017-05-12,2018-05-14,Q112325560-07D33EE8-E179-4BB3-8085-60016B176BA8
Q112325561,Abu-Bakr Osman Ibrahim,Q112325308,Religious Affairs,2017-05-12,2018-09-09,Q112325561-DDF5138B-F23C-44F9-9C85-B3CE8D076C72
Q112325562,Abu-al-Bashir Abd-al-Rahman Yusuf,Q112325322,Youth and Sports,2018-05-14,2018-09-09,Q112325562-CA7BEEA7-DEFD-41D8-9C93-01836D21EF17
Q112325563,Abul Gasim Mohamed Ibrahim,Q112325307,Relations with the Parliament,1996-04-21,2000-01-24,Q112325563-325278C4-D67F-4DB5-991D-B9956E8F6EBB
Q112325563,Abul Gasim Mohamed Ibrahim,Q112325286,Health,2000-01-24,2001-02-23,Q112325563-64CBDEE6-F4CC-455B-A448-818FB69BA77E
Q112325564,Adam Tahir Hamdoun,Q112325283,External Trade,1999-03-06,2000-01-24,Q112325564-A0148C70-2160-48E2-8E1F-09DFFCA0BF51
Q112325565,Agnes Loukoudo,Q112325299,Manpower,1998-03-09,2000-01-24,Q112325565-EBA23E17-25F3-4872-8F14-3DC087DF4ABB
Q112325566,Ahmad Babiker Nahar,Q112325317,Transport,2014-06-25,2015-06-07,Q112325566-14E196F3-33DA-4FD0-AC9B-BB0FC0569967
Q112325566,Ahmad Babiker Nahar,Q112325298,Labour and Administrative Reform,2015-06-07,2018-09-09,Q112325566-18CB2789-5F95-4877-A068-4479B050B4EC
Q112325566,Ahmad Babiker Nahar,Q112325282,Environment,2007-12-26,2010-06-16,Q112325566-28E3DE96-D49B-4999-9BD6-CC9EACA98A90
Q112325566,Ahmad Babiker Nahar,Q112325282,Environment and Construction Development,2005-09-21,2007-12-26,Q112325566-7EB8752E-65E9-4C30-AD6A-17038E3970BD
Q112325566,Ahmad Babiker Nahar,Q112325302,National Education and Guidance,2002-08-19,2005-09-21,Q112325566-AA43A79A-2E80-4F1B-A4CE-71FBAB82A58D
Q112325566,Ahmad Babiker Nahar,Q112325317,"Transport, Roads, and Bridges",2011-12-27,2014-06-25,Q112325566-B5DFFA5E-DD97-48D6-90E1-2420D0746337
Q112325566,Ahmad Babiker Nahar,Q112325271,"Antiquities, Tourism and Wildlife",2010-06-16,2011-12-27,Q112325566-B6707BD9-6EAF-4FA8-8C00-AC2421E63CA3
Q112325567,Ahmed Ibrahim Taher,Q112325284,Federal Government,1998-03-09,2000-07-10,Q112325567-BB70EDC6-1E5C-43A7-84FD-76D66BDDDB53
Q112325568,Ahmed Mohammed Saddiq al-Karrouri,Q112325301,Mining,2013-12-08,2017-05-12,Q112325568-0F0EA44A-7F98-4E3C-A5DE-A0D839E84142
Q112325569,Ahmed Saad Omar Khidir,Q112325274,Minister of Cabinet Affairs,2018-09-09,2019-04-11,Q112325569-30EC6062-5D36-48C6-BDF1-6DAF2ADD1AAA
Q112325569,Ahmed Saad Omar Khidir,Q112325274,Minister of Cabinet Affairs,2011-12-27,2018-05-14,Q112325569-EEED9192-2EDA-41CC-A75D-A14F5AFE17B4
Q112325571,Al Sammani al-Cheikh al-Waseilah,Q112325317,Transport,2002-11-30,2005-09-21,Q112325571-ADA78B07-8FD7-4D7B-8604-0E871DF85818
Q112325572,Al-Fatih Ali Sidiq,Q112325293,International Cooperation,2015-06-07,2017-05-12,Q112325572-62334028-A3E2-4CE4-A609-D839A02A76AF
Q112325573,Al-Hadi Bouchra,Q112325309,Roads and Telecommunications,1996-04-21,2000-01-24,Q112325573-8E31B19D-18A8-4D31-9851-28A277593917
Q112325574,Al-Hadi Muhammad Awad,Q112325274,Minister of Cabinet Affairs,2001-02-23,2005-09-21,Q112325574-142AD39D-873A-4F02-9F55-2AC46635D582
Q112325576,Al-Khair al-Nour al-Mubrak,Q112325279,Education,2019-03-13,2019-04-11,Q112325576-6E2CBC86-FEF4-430D-B918-F80F15FA9719
Q112325577,Al-Sadiq Al-Hadi Abdul-Rahman Al-Mahdi,Q112325288,Human Resources,2015-06-07,2018-09-09,Q112325577-3F7E2F21-7AFA-4D25-B6CD-310F9EBCAA19
Q112325577,Al-Sadiq Al-Hadi Abdul-Rahman Al-Mahdi,Q111192544,Higher Education and Scientific Research,2018-09-09,2019-03-13,Q112325577-6DF6C5BB-9001-4CA9-801F-D87C078ED7A9
Q112325578,Al-Samawa’al Khalafalla Al-Quraish,Q112325276,Culture,2010-06-16,2012-07-09,Q112325578-0E54EA92-D601-45A0-B5F6-6BED569E2177
Q112325579,Al-Samual Khalfalla,Q112325276,"Culture, Tourism, and Antiquities",2019-03-13,2019-04-11,Q112325579-C6B877DC-CF69-4EDD-B273-D9E8852AEBB3
Q112325580,Al-Tayyib Hassan Badawi,Q112325276,Culture,2013-12-08,2015-06-07,Q112325580-3BE32589-4336-4D7B-AC11-1B3BBE85835A
Q112325580,Al-Tayyib Hassan Badawi,Q112325276,Culture,2015-06-07,2018-09-09,Q112325580-F5210FA9-0659-407A-A1AA-F242D47094C0
Q112325581,Al-Tijani Salih Fudayl,Q112325293,International Cooperation,2005-09-21,2010-06-16,Q112325581-B09DA4BB-3D62-4186-A629-ADB5EBE3321C
Q112325582,Al-Zahawi Ibrahim Malik,Q112325275,Communications and Information,2007-12-26,2010-06-16,Q112325582-C86E6666-DE9C-4CE6-952E-8B89EE29D6B8
Q112325583,Ali Mahmoud Abdul-Rasool,Q105926147,Finance and National Economy,2010-06-16,2013-12-08,Q112325583-CDEBFE3C-67B1-471D-AFB1-4E1C0B45A314
Q112325585,Ali Mohamed Osmane Yassine,Q112325297,Justice,1998-03-09,2005-09-21,Q112325585-F2586E61-EEAC-468F-BFE8-A986356A3191
Q112325587,Ali Tamim Fartak,Q112325302,National Education,2001-02-23,2002-08-19,Q112325587-7A514745-E712-40EA-B70F-692B9AB85C59
Q112325587,Ali Tamim Fartak,Q112325280,Electricity,2002-08-19,2005-09-21,Q112325587-7F1C0E0A-AAF8-4DC5-B0D4-55A4702E75C7
Q112325588,Alison Manani Magaya,Q112325288,Human Resources and Labour,2005-09-21,2007-12-26,Q112325588-382360BA-1B46-4D40-8CFE-46AE90E47602
Q112325588,Alison Manani Magaya,Q112325298,Labour,2000-01-24,2001-02-23,Q112325588-5424AE63-2C65-4933-976A-DD81CFB89937
Q112325588,Alison Manani Magaya,Q112325298,"Labour, Public Service, and Development of Human Resources",2007-12-26,2010-06-16,Q112325588-AFF3FBAA-0122-4F26-BCF9-2367DAA254E4
Q112325588,Alison Manani Magaya,Q112325321,Works and Administrative Reform,2001-02-23,2005-09-21,Q112325588-C37E6846-5A8B-492A-AFDB-0D8EC3B17C6E
Q112325589,Altayeb Ibrahim Mohammed Khair,Q112325310,Social Planning,1998-03-09,2000-01-24,Q112325589-472EA54A-BFA6-4F68-820D-FC8AEAE4C132
Q112325590,Amira Al-Fadil Mohamed Al-Fadil,Q112325320,Welfare and Social Security,2010-06-16,2013-12-08,Q112325590-F8B47CC9-D3A3-47D9-99A4-D7D04A4D6AB9
Q112325591,Asia Mohamed Abdalla,Q112325279,Education,2017-05-12,2018-09-09,Q112325591-5EE0613D-84EC-47F1-A908-383260A29AA0
Q112325592,Awad Ahmad al-Jaz,Q112325290,Industry,2010-06-16,2011-12-27,Q112325592-13962834-91BE-4389-B7F6-1D1CBF681FCD
Q112325592,Awad Ahmad al-Jaz,Q105926147,Finance,2008-02-13,2010-06-16,Q112325592-25C26CED-D8D1-4FB7-BA60-F6D6C00D7EC6
Q112325592,Awad Ahmad al-Jaz,Q112325281,Energy and Mining,1995-08-12,2008-02-13,Q112325592-64959651-A4C8-4FB9-93F8-69F1030DA531
Q112325592,Awad Ahmad al-Jaz,Q112325303,Petroleum,2011-12-27,2013-12-08,Q112325592-7E31C669-121B-4915-9A12-D410061D3A91
Q112325594,Awad al-Hassan al-Nur,Q112325297,Justice,2015-06-07,2017-05-12,Q112325594-F1371732-B2F6-4F6E-AFA6-72C295718512
Q112325595,Azhari Abd-al-Qadir Abdalla,Q112325303,"Petroleum, Gas, and Minerals",2018-05-14,2019-03-13,Q112325595-141891D4-9A81-49CE-955A-8DEBBCD56E56
Q112325596,Azhari Al-Tigani Awad al-Sid,Q112325308,Religious Affairs,2005-09-21,2011-12-27,Q112325596-DA8BD01C-01CA-4D9F-9BD1-E939764817DB
Q112325597,Badereldien Mahmoud,Q105926147,Finance,2013-12-08,2017-05-12,Q112325597-92A1708C-D4EF-4F6B-8621-81F5F84EBC0C
Q112325598,Badr Eddin Mohammed Ahmed Suleiman,Q112325290,Industry,1995-02-09,2000-01-24,Q112325598-6BA2613E-B2C9-4AB2-847D-9DCD0C8EEE14
Q112325599,Bahr Idris Abu Garda,Q112325298,"Labour, Administrative Reform, and Human Development",2018-09-09,2019-03-13,Q112325599-20842B8F-0418-463F-973B-BCE1F7D5B0AD
Q112325599,Bahr Idris Abu Garda,Q112325286,Health,2011-12-27,2018-09-09,Q112325599-42413257-C995-418B-92E4-58842DD51D95
Q112325599,Bahr Idris Abu Garda,Q112325292,Interior,2019-03-13,2019-04-11,Q112325599-526E3A60-3F48-40CB-879A-5F8129129E3F
Q112325600,Barakat Musa al-Hawati,Q112325284,Federal Government,2019-03-13,2019-04-11,Q112325600-460A55CC-DDAD-4114-A61E-264E39D0B2D2
Q112325618,Bushara Aru,Q112325291,"Information, Communications and Information Technology",2018-09-09,2019-04-11,Q112325618-E1CEB3BD-99F3-43A5-8552-669698DE7F8F
Q112325618,Bushara Aru,Q112325270,Animal Resources,2017-05-12,2018-09-09,Q112325618-E2D4BA2B-80EA-49AF-9458-FB8562231B6B
Q112325619,Chamboul Adlane,Q112325273,Aviation,2000-07-10,2001-02-23,Q112325619-7BF9BF48-0F82-4F57-8892-1CE9F43607BC
Q112325620,Chol Ram Pang,Q112325317,Transport,2010-06-16,2011-12-27,Q112325620-05496B1D-C235-43C1-8C20-1B1040BB71E4
Q112325621,Dak Dop Pishop,Q112325298,Labour,2010-06-16,2011-12-27,Q112325621-0CA3C63F-53EF-437A-8FFF-02F8118880C2
Q112325622,Eissa Bushra Mohamed,Q111192637,Science and Technology,2010-06-16,2012-07-09,Q112325622-059DE0EB-0058-464B-B4DC-B800089256C8
Q112325622,Eissa Bushra Mohamed,Q111192637,Science and Communications,2012-07-09,2013-12-08,Q112325622-400A5517-283D-4EA1-8269-EB07703DC15E
Q112325623,El Zubair Bashir Taha,Q111192544,Higher Education and Scientific Research,2000-01-24,2001-02-23,Q112325623-A6706D7D-1304-4BB6-ABBD-A7DE7AD3282D
Q112325623,El Zubair Bashir Taha,Q112325292,Interior,2005-09-21,2008-02-13,Q112325623-CE381514-A049-4CCC-958E-8B0ABB59D669
Q112325623,El Zubair Bashir Taha,Q112325266,Agriculture and Forests,2008-02-13,2010-06-16,Q112325623-CFB0ACBE-1FCF-45AE-A374-7DC5DCB550C2
Q112325623,El Zubair Bashir Taha,Q111192637,Scientific Research and Technology,2001-02-23,2005-09-21,Q112325623-D7B2CB61-B918-4CA7-9ED9-652E0583EBCC
Q112325624,Elias Neyama Lel,Q112325283,External Trade,2010-06-16,2011-12-27,Q112325624-9144B26C-0A42-4E34-8192-157EBDC75FEC
Q112325625,Esmat Abdel-Rahman,Q112325292,Interior,2014-06-25,2017-05-12,Q112325625-53613B18-037B-403F-8496-DA9765E294C4
Q112325627,Fadul Abdallah,Q112325306,Presidential Affairs,2017-05-12,2019-04-11,Q112325627-40AF1896-0082-49D9-A2B9-6722C77E5566
Q112325628,Faisal Hassan Ibrahim,Q112325270,Animal Resources and Fishing,2010-06-16,2015-06-07,Q112325628-7EB72750-2DF1-482A-8930-7991824974E1
Q112325628,Faisal Hassan Ibrahim,Q112325284,Federal Government,2015-06-07,2018-09-09,Q112325628-C186355D-A28F-433F-BFF8-F35E04D2CDF3
Q112325629,Farah Mustafa Abdallah,Q112325284,Federal Government,2013-12-08,2015-06-07,Q112325629-BFCF703C-675D-43E2-8A1E-5E90C1E3A2F9
Q112325629,Farah Mustafa Abdallah,Q112325279,Education,2010-06-16,2011-12-27,Q112325629-C98389AC-1D91-4BD4-BF3C-90AA855459AD
Q112325629,Farah Mustafa Abdallah,Q112325298,Labour,2011-12-27,2012-07-09,Q112325629-E81635F2-9A22-4272-96DF-C1D54638D1AC
Q112325630,Fatih Taj-al-Sir Abdalla,Q112325322,Youth and Sports,2011-12-27,2013-01-15,Q112325630-2ABE4A16-2A2A-4985-BBA3-CBAD48B40B7C
Q112325630,Fatih Taj-al-Sir Abdalla,Q112325308,Religious Affairs,2013-01-15,2017-05-12,Q112325630-4DDD7AA1-E4E0-4B35-BD47-F827A519ADC5
Q112325631,Galwak Deng Garang,Q112325272,Architectural Development and Studies,1996-04-21,2000-01-24,Q112325631-552C716D-1F28-4A55-8CB2-5203BC61C99B
Q112325631,Galwak Deng Garang,Q112325270,Animal Resources,2005-09-21,2008-02-13,Q112325631-B5E55550-E8E2-48B6-9828-2765D642E22D
Q112325632,George Boreng Niyami,Q112325283,External Trade,2005-09-21,2007-12-26,Q112325632-72ACB13A-736E-4F33-868C-AE2E54022DDB
Q112325632,George Boreng Niyami,Q111192544,Higher Education and Scientific Research,2007-12-26,2008-09-14,Q112325632-7D7EDF2C-65BA-4F56-A2EF-A1126BD2D08C
Q112325632,George Boreng Niyami,Q112325294,Investment,2008-09-14,2011-12-27,Q112325632-982AEFC6-1EE4-4AA2-B795-22BDADE1CB0A
Q112325635,Ghazi al-Sidiq Abdul-Rahim,Q112325308,Religious Affairs,2012-07-09,2012-08-19,Q112325635-C40AEE5D-C3F0-429E-B377-83C33EC53B14
Q112325635,Ghazi al-Sidiq Abdul-Rahim,Q112325271,"Antiquities, Tourism and Wildlife",2011-12-27,2012-07-09,Q112325635-DD48A649-D860-420B-8E17-7657624E0BB5
Q112325636,Gutbi el Mahdi,Q112325311,Social Welfare,2000-01-24,2001-02-23,Q112325636-9F87E21F-D0DD-4F54-9484-070D76E2195D
Q112325637,Haider Galakumah,Q112325322,Youth and Sports,2015-06-07,2017-05-12,Q112325637-F0876956-A757-4E95-93B7-77B727F2456C
Q112325638,Haj Majid Suwar,Q112325322,Youth and Sports,2010-06-16,2011-12-27,Q112325638-FA6276B2-7555-404E-97E1-B1C0274497B9
Q112325639,Halima Hassaballa Al-Naeem,Q112325307,Relations with the Parliament,2010-06-16,2011-12-27,Q112325639-D35E0320-7C7E-4A88-8395-E7BE6AC38DFB
Q112325640,Hamid Mannan,Q112325292,Interior,2017-05-12,2018-05-14,Q112325640-47F8656A-EF93-43FC-A467-2436FFA6D626
Q112325641,Hamid Mohamed Ali Torine,Q112325302,National Education,1999-03-06,2000-01-24,Q112325641-40CFB44F-A156-4D6D-A3EC-B3B94B7AE8B3
Q112325642,Hamid Moussa Kacha,Q112325266,Agriculture,2000-07-10,2001-02-23,Q112325642-C0D67C3B-8FA9-4260-8667-E61E00A9ED4D
Q112325643,Hamid Muhammad Ibrahim,Q112325279,Education,2007-12-26,2010-06-16,Q112325643-0A6B9ADA-508F-4B4C-9DC5-DA4D4353A06D
Q112325644,Hamid Muhammad al-Nur Ahmad Mumtaz,Q112325290,Industry and Trade,2019-03-13,2019-04-11,Q112325644-673E3D7D-4A96-4463-93C7-D32D4C29A92B
Q112325644,Hamid Muhammad al-Nur Ahmad Mumtaz,Q112325284,Federal Government,2018-09-09,2019-03-13,Q112325644-CC905AF6-C9DB-4330-BC9E-0C1759C81615
Q112325645,Harun Run Lual,Q112325289,Humanitarian Affairs,2007-12-26,2010-06-16,Q112325645-95C3E39B-701C-48F3-A7AF-228223A455D1
Q112325646,Hasab-al-Nabi Musa Ahmed,Q112325266,Agriculture,2018-09-09,2019-03-13,Q112325646-3FB5791E-7AF2-4CCF-819F-5D8EEA1F1ECC
Q112325647,Hasan Uthman Rizq,Q112325322,Youth and Sports,2001-02-23,2005-09-21,Q112325647-A569318B-246E-4809-9D0F-B104D5FE884D
Q112325648,Hashim Mohamed Salim,Q112325300,Minerals,2017-05-12,2018-05-14,Q112325648-472AA47D-98A7-4B9F-B88D-866F32C0F772
Q112325648,Hashim Mohamed Salim,Q112325274,Minister of Cabinet Affairs,2018-05-14,2018-09-09,Q112325648-484C2991-E312-4226-9AD3-322E564C8837
Q112325651,Hassan Ismail Sid Ahmed,Q112325275,Communications and Information,2019-03-13,2019-04-11,Q112325651-56EF65F3-8B30-4526-98BA-55ADCA7E7E78
Q112325652,Hassan Mohammed Hilal,Q112325282,"Environment, Forests and Urban Development",2011-12-27,2018-09-09,Q112325652-1AC7D8F6-E264-421E-B560-676C4F5EA1F1
Q112325653,Ibrahim Adam Ahmed Al-Dekhairi,Q112325266,Agriculture and Forests,2015-06-07,2017-05-12,Q112325653-5D0A8E36-C999-448C-957D-62D550C3FE6D
Q112325654,Ibrahim Ahmad Umar,Q111192544,Higher Education and Scientific Research,1996-12-02,2000-01-24,Q112325654-7DD669AE-0221-4273-BA7E-6E13AF2F5392
Q112325655,Ibrahim Suleiman Hassan,Q112325284,Federal Government,2000-07-10,2001-02-23,Q112325655-41A3B324-0CB2-4C29-9A26-03E8C0C28A0B
Q112325655,Ibrahim Suleiman Hassan,Q112325273,Aviation,2000-01-24,2000-07-10,Q112325655-C7828A9E-27BC-4B90-B846-281FA0C18E96
Q112325656,Ibrahim Yousif Mohamed,Q112325270,Animal Resources and Fishing,2019-03-13,2019-04-11,Q112325656-7C83CCA9-AEE3-4083-9C2D-D1F3EF21BEC9
Q112325657,Idris Suleiman Yousif,Q112325293,International Cooperation,2017-05-12,2018-09-09,Q112325657-8B88C6C8-7AAC-400C-B704-29AE4F8FBBD6
Q112325658,Isam Ahmad al-Bashir,Q112325285,Guidance and Endowment,2001-02-23,2005-09-21,Q112325658-861730C9-3561-4F8B-8EF0-F38EFF92DD64
Q112325659,Ishaq Adam Bashir,Q112325303,Petroleum and Gas,2019-03-13,2019-04-11,Q112325659-C5751AD4-5F0B-4B42-84FE-165FDB97943D
Q112325660,Ishraqah Sayed Mahmoud,Q112325293,International Cooperation,2011-12-27,2012-07-09,Q112325660-0EF788DC-CAA5-4037-ABBD-8A0B2A76087D
Q112325660,Ishraqah Sayed Mahmoud,Q112325288,Human Resources and Labour,2012-07-09,2015-06-07,Q112325660-8148CCCC-E9AB-468A-AA6C-D390439A7E73
Q112325661,Jalal Yusuf Muhammad al-Duqayrt,Q112325290,Industry,2002-11-30,2010-06-16,Q112325661-6C80F68E-D981-4784-A69D-1739616BF4CF
Q112325661,Jalal Yusuf Muhammad al-Duqayrt,Q112325290,Industry,2001-02-23,2002-08-19,Q112325661-789450FF-C190-49B3-B124-BBFBB4D3C9FD
Q112325661,Jalal Yusuf Muhammad al-Duqayrt,Q112325293,International Cooperation,2010-06-16,2011-12-27,Q112325661-8383E979-BE2A-4BFD-97E4-4AE37D022B4B
Q112325661,Jalal Yusuf Muhammad al-Duqayrt,Q112325290,Industry and Investment,2002-08-19,2002-11-30,Q112325661-A4BEDC14-4DF1-438A-9964-F902436FD376
Q112325662,James Kol Rona,Q112325283,External Trade,2007-12-26,2010-06-16,Q112325662-B9F4E215-F0B7-428E-972E-BB95EA4DE95D
Q112325663,Josef Malwal,Q112325314,Tourism,2005-09-21,2010-06-16,Q112325663-2C5E5DE5-8824-4982-9012-12A119F07C20
Q112325663,Josef Malwal,Q112325282,"Environment, Forests and Urban Development",2010-06-16,2011-12-27,Q112325663-BB5700E8-F698-4984-A3FC-B2FC1890B337
Q112325664,Joseph Lual Achwel,Q112325289,Humanitarian Affairs,2010-06-16,2011-12-27,Q112325664-68927A53-8006-4B4A-AA59-4CD0ECBE3443
Q112325665,Joseph Maloual,Q112325312,Survey and Urban Development,2000-01-24,2000-07-10,Q112325665-26F1E3EA-1E7E-4B61-BCC4-2C8D96D72CE1
Q112325665,Joseph Maloual,Q112325268,Animal Health,1998-03-09,2000-01-24,Q112325665-9A4EAF4A-7467-41E1-814E-DCB94A6998B6
Q112325665,Joseph Maloual,Q112325273,Aviation,2001-02-23,2005-09-21,Q112325665-9CED24B2-9D20-4544-9D77-DC2797F57B98
Q112325665,Joseph Maloual,Q112325272,Architectural Development,2000-07-10,2001-02-23,Q112325665-BB18B288-8C14-4D4F-BDC9-B545F1A9A6AA
Q112325666,Joseph Okelo,Q112325307,Relations with the Parliament,2005-09-21,2010-06-16,Q112325666-3A278E3D-1EA9-4BEA-92F9-0862545C5997
Q112325667,Kamal Abdul-Latif,Q112325300,Minerals,2011-12-27,2013-12-08,Q112325667-4724ABEA-81E8-49C0-8084-BF45163BBFA6
Q112325667,Kamal Abdul-Latif,Q112325288,Human Resources,2010-06-16,2011-12-27,Q112325667-ECEDD174-306F-458A-AA47-1CE96653A9AF
Q112325668,Kamal Ali Mohammed,Q112325296,Irrigation and Water Resources,1999-03-06,2011-12-27,Q112325668-8C52A436-A32E-40BC-BD64-996659CDCDDC
Q112325669,Kamal Mohamed Obeid,Q112325291,Information,2010-06-16,2011-12-27,Q112325669-1BCB6442-AA1B-4D11-91D3-78AB43E70234
Q112325671,Karam al-Din Abd-al-Mawla,Q112325274,Minister of Cabinet Affairs,2002-08-19,2005-09-21,Q112325671-B5B4B181-41C4-4C0A-AF82-75597DDB95AD
Q112325671,Karam al-Din Abd-al-Mawla,Q112325293,International Cooperation,2001-03-21,2002-08-19,Q112325671-E754373D-0559-4969-86C0-C96D9FA6E8F2
Q112325673,Khalil Abdalla Mohamed Ali,Q112325308,Religious Affairs,2011-12-27,2012-07-09,Q112325673-414DE8F3-635A-467B-9745-7748FDB3D7BD
Q112325674,Khamis Kajou Kunda,Q111192544,Higher Education and Scientific Research,2011-12-27,2013-12-08,Q112325674-7A155484-949D-4B62-9E80-6ABB688AB6B3
Q112325675,Kosti Manibe,Q112325274,Minister of Cabinet Affairs,2008-09-14,2010-06-16,Q112325675-385FED20-EDE9-45A8-9E94-B55B755FB75F
Q112325675,Kosti Manibe,Q112325294,Investment,2007-12-26,2008-09-14,Q112325675-BA9EAD20-C309-4393-A5F1-797CA39BD3C4
Q112325675,Kosti Manibe,Q112325289,Humanitarian Affairs,2005-09-21,2007-12-26,Q112325675-C1B12477-9869-4BC4-8C89-2B504AC0F4DC
Q112325676,Kuwal Maniang Ajok,Q112325317,Transport,2005-09-21,2007-12-26,Q112325676-F06FC205-B95E-4BE8-BDE5-66256A40EEBA
Q112325678,Lual Achwel Deng,Q112325303,Petroleum,2010-06-16,2011-12-27,Q112325678-2DF914AF-A256-4F62-B56B-9CBDA58555EB
Q112325679,Luka Byong,Q112325274,Minister of Cabinet Affairs,2010-06-16,2011-12-27,Q112325679-F6AC4DA7-1C58-4C5A-9E1C-E41BE754FF0F
Q112325681,Magdi Hassan Yassin,Q105926147,Finance and Economic Planning,2019-03-13,2019-04-11,Q112325681-F487CFDA-0614-4065-92F9-725A8F9DA2A9
Q112325682,Mahdi Ibrahim,Q112325291,Information,2005-09-21,2007-12-26,Q112325682-4F5598F5-9486-436B-B1F2-A8B97FDF9899
Q112325682,Mahdi Ibrahim,Q112325275,Communications and Information,2001-06-14,2005-09-21,Q112325682-9FA2BBB5-5C22-47C9-B544-3DA4A177C1EF
Q112325683,Majdhub al-Khalifah Ahmad,Q112325266,Agriculture,2001-02-23,2005-09-21,Q112325683-46C359C6-4C4A-4AF4-BB79-9C2D02C22EAE
Q112325714,Makawi Mohammed Awad,Q112325303,Petroleum,2013-12-08,2015-06-07,Q112325714-6670CC47-25B0-49C8-958C-A13E2A806585
Q112325714,Makawi Mohammed Awad,Q112325317,"Transport, Roads, and Bridges",2015-06-07,2018-09-09,Q112325714-CC5277CB-DA3B-4F73-A62C-0DB987C01CE4
Q112325715,Malek Agar Ayar,Q112325294,Investment,2005-09-21,2007-12-26,Q112325715-B1204DFC-8668-4AA2-A9B5-1D736C01DFD8
Q112325717,Mansour Yousif Al-Agab,Q112325315,Trade,2015-06-07,2017-05-12,Q112325717-C14A191F-5436-4AD9-BFE8-70E0A0A50CDD
Q112325718,Martin Malwal Arop,Q112325274,Minister of Cabinet Affairs,2001-02-23,2005-09-21,Q112325718-1F8F51FB-55D5-4CFD-B8D9-774AB5C410F4
Q112325719,Mashaer Mohamed Al-Amin Abdallah,Q112325320,Welfare and Social Security,2013-12-08,2018-09-09,Q112325719-6D32933D-BEDB-4219-8CB5-53605FA19C35
Q112325720,Mashair Ahmad al-Amin al-Dulab,Q112325279,Education,2018-09-09,2019-03-13,Q112325720-796CC66D-C820-4555-B24A-5A506991B7E5
Q112325721,Mekki Ali Balayil,Q112325283,External Trade,2000-01-24,2001-02-23,Q112325721-3E0B9579-DEA2-4A04-B5A4-70D357BDE50C
Q112325721,Mekki Ali Balayil,Q112325273,Aviation,1999-03-06,2000-01-24,Q112325721-526C1FC7-46AD-46D3-B4C2-4B963077B6E6
Q112325722,Mhadi Babou Nimer,Q112325286,Health,1998-03-09,2000-01-24,Q112325722-08DA5D89-0A1D-433F-A02A-E6FB09D3B72F
Q112325723,Modathir Abdul-Ghani Abdul-Rahman,Q112325294,Investment,2015-06-07,2017-05-12,Q112325723-D2114711-803E-4C6A-A14E-41336A7194EB
Q112325724,Mohamed Abdul Karim Al-Hud,Q112325275,Communications and Information Technology,2011-12-27,2012-07-09,Q112325724-0DDDEE6C-8978-4A8C-B192-1983B02256CC
Q112325724,Mohamed Abdul Karim Al-Hud,Q112325271,"Antiquities, Tourism and Wildlife",2012-07-09,2015-06-07,Q112325724-B5C9C033-8DFC-4403-816C-52463AD0A646
Q112325725,Mohamed Abu Zaid Mustafa,Q112325286,Health,2018-09-09,2019-03-13,Q112325725-57B2FE3C-9A40-4186-B503-75FC03DA21F2
Q112325725,Mohamed Abu Zaid Mustafa,Q112325271,"Antiquities, Tourism and Wildlife",2015-06-07,2018-09-09,Q112325725-74B3CE94-DC44-4005-8199-411384EED8BF
Q112325726,Mohamed Ahmed Taher Abu Kalabish,Q112325270,Animal Resources,2008-02-13,2010-06-16,Q112325726-2641B4FB-226A-49DC-8E43-753AD8F9497D
Q112325727,Mohamed Ahmed bin Awaf,Q85851442,Vice-President and Minister of Defence,2019-02-23,2019-04-11,Q112325727-13A49B6E-9C79-4F35-9CB5-C4A80FEBB1BA
Q112325727,Mohamed Ahmed bin Awaf,Q85851442,Defence,2015-08-23,2019-02-23,Q112325727-1438E473-9DD5-42D5-96C0-F3282199A827
Q112325728,Mohamed Bushara Dosa,Q112325297,Justice,2010-06-16,2015-06-07,Q112325728-42BBBB47-7AE7-4FA1-88A0-CD58EF4DEC2E
Q112325729,Mohamed Khair el Zubair,Q105926147,Finance,2000-01-24,2001-02-23,Q112325729-922D27DE-5F42-48F4-B09E-65BF8317EB65
Q112325730,Mohamed Zayed Awad,Q112325303,Petroleum and Gas,2015-06-07,2017-05-12,Q112325730-96D8E67F-0EEE-4AC0-8225-7C488FE10452
Q112325731,Mohammed Ali al-Mardi,Q112325297,Justice,2005-09-21,2008-02-13,Q112325731-4256F545-9902-4CDC-9EDD-7D971DAE678C
Q112325732,Mohammed Osman Suleiman Rikabi,Q105926147,Finance,2017-05-12,2018-09-09,Q112325732-3249A299-C2F2-489D-9E0E-57BE535D672F
Q112325733,Mohammed Tahi Aila,Q112325314,Tourism and Environment,1996-04-21,2000-01-24,Q112325733-37F79E23-F56C-465A-9CBA-026C41135F62
Q112325733,Mohammed Tahi Aila,Q112325309,Roads and Bridges,2001-02-23,2005-09-21,Q112325733-DB1EEB33-8CB2-429E-9945-207522CBA343
Q112325733,Mohammed Tahi Aila,Q112325309,Roads and Telecommunications,2000-01-24,2001-02-23,Q112325733-ECABC20D-8ECE-42DD-8DFA-1F5233630D7B
Q112325735,Mohammed Yousif Ali Yousif,Q112325290,Industry,2015-06-07,2017-05-12,Q112325735-3559F2EF-8CCD-4693-8F6D-451A07C485A8
Q112325736,Mohammed Yusuf Abdallah,Q112325276,"Culture, Youth and Sport",2005-09-21,2010-06-16,Q112325736-39151333-4183-4CD0-AA6B-974BD279C38F
Q112325738,Mohammed al-Amin Issa Kabbashi,Q112325266,Agriculture and Forests,2005-09-21,2008-02-13,Q112325738-B55137BF-FCBC-42DE-B182-2E2C26DF2A81
Q112325739,Mohammed al-Amine Khalifa,Q112325274,Minister of Cabinet Affairs,1998-03-09,2000-01-24,Q112325739-0AAC8303-976D-4EE4-B1E8-32BA7AF59592
Q112325740,Mohmed Abu-Fatima,Q112325300,Minerals,2019-03-13,2019-04-11,Q112325740-F2D365F4-10EC-41BB-A8CF-2BDCC76531FF
Q112325743,Mubarak Muhammad Ali al-Majdhub,Q111192544,Higher Education,2001-02-23,2005-09-21,Q112325743-5AE2D1F3-D9A1-4317-B110-B7515CFA632C
Q112325744,Muhammad Ahmad Salim,Q112325297,Justice,2018-05-14,2019-04-11,Q112325744-712743E7-B81B-44D3-BE6A-2A12FE647BC7
Q112325745,Musa Mohamed Karama,Q112325290,Industry,2017-05-12,2018-09-09,Q112325745-1E7A304B-32A3-4857-A76A-93E95FB79002
Q112325745,Musa Mohamed Karama,Q112325290,Industry and Trade,2018-09-09,2019-03-13,Q112325745-C69CEB92-4545-471F-A53C-EC2882752922
Q112325746,Musa Tibin Musa,Q112325270,Animal Resources,2015-06-07,2017-05-12,Q112325746-8E051412-D7B3-4070-8FD6-583477029906
Q112325747,Mustafa Osman al Obeid,Q85851442,Defence,2015-06-07,2015-08-23,Q112325747-251521DC-4E66-4E02-B109-F7F9EAD50ADE
Q112325748,Nafi Ali Nafi,Q112325284,Federal Government,2001-02-23,2005-09-21,Q112325748-5043B0CB-A1F3-486C-B8F2-A532F883A662
Q112325748,Nafi Ali Nafi,Q112325306,Presidential Affairs,2005-09-21,2010-06-16,Q112325748-C5AB2F96-6B7C-44A3-8754-E8D7F36EFB00
Q112325749,Osama Abdalla Mohamed Al-Hassan,Q112325280,Electricity and Dams,2010-06-16,2012-07-09,Q112325749-15EE0470-C2AC-48B6-9903-96DE91B00513
Q112325749,Osama Abdalla Mohamed Al-Hassan,Q112325318,Water Resources and Electricity,2012-07-09,2013-12-08,Q112325749-E2FA6002-02DB-4862-926D-67D1D1DBEF38
Q112325750,Osman Omar al-Sharif,Q112325315,Trade,2011-12-27,2015-06-07,Q112325750-ADF15FD7-65A7-42BB-9798-83DCF7258443
Q112325752,Osman al-Toam Hamad,Q112325318,"Water Resources, Irrigation, and Electricity",2019-03-13,2019-04-11,Q112325752-DFF37939-A092-4E2B-881C-12343669BAB7
Q112325753,Osmane al-Hadi Ibrahim,Q112325266,Agriculture,1999-03-06,2000-01-24,Q112325753-55173A31-8BFE-4E3B-B4CB-0076CA14E770
Q112325754,Paul Mithanq,Q112325279,Education,2005-09-21,2007-12-26,Q112325754-4659F4ED-E317-4DDA-987B-0A2BFEDF7D32
Q112325755,Peter Niyot Kok,Q111192544,Higher Education,2005-09-21,2007-12-26,Q112325755-14328D53-670D-401E-BAA9-AADF1B14859B
Q112325756,Philip Thon Leek,Q112325317,"Transport, Roads, and Bridges",2007-12-26,2010-06-16,Q112325756-A8316BBB-9112-4035-B602-BDA5FDEB4924
Q112325757,Rudhwan Mohamed Ahmed Murjan,Q112325266,Agriculture and Forests,2019-03-13,2019-04-11,Q112325757-B804F214-CA94-4EE4-979A-B7F3251F91FF
Q112325759,Saddiq al-Sharif Ibrahim Yusuf al-Hindi,Q112325293,International Cooperation,2001-02-23,2001-03-21,Q112325759-0D8CB005-31D5-4ACC-983D-576408182096
Q112325760,Saif-Eddin Hamad Abdalla,Q112325318,Water Resources,2011-12-27,2012-07-09,Q112325760-35368B0F-C1CC-4D25-8FE1-7AA83020A12D
Q112325761,Salah Muhammad Muhammad Salih,Q112325306,Presidential Affairs,2001-02-23,2005-09-21,Q112325761-06437A81-2A10-4098-8173-2CB31BE8F2A8
Q112325762,Salaheddin Wansi Mohammed Khair,Q112325306,Presidential Affairs,2013-12-08,2017-05-12,Q112325762-E49C1840-E970-4F84-AE1B-05CB09213328
Q112325763,Samiyah Ahmad Muhammad,Q112325320,Welfare and Social Development,2007-12-26,2010-06-16,Q112325763-0A70AD9E-C6F2-4FAE-A825-862D61510A31
Q112325763,Samiyah Ahmad Muhammad,Q112325311,Social Welfare,2001-02-23,2005-09-21,Q112325763-71A40B70-EBCD-4C3F-9E0D-8F9377B49BE2
Q112325764,Sayyid Mohamed Qasam al Fidr,Q112325318,"Water Resources, Irrigation, and Electricity",2018-09-09,2019-03-13,Q112325764-632F635F-F09B-4E98-8FEC-7BE18C2E320B
Q112325765,Siddiq Mohamed Tawm Hamad al-Nayer,Q112325322,Youth and Sports,2013-01-15,2015-06-07,Q112325765-8BB9EA51-A535-418E-A85D-3F3AE1127A6A
Q112325766,Suaad Abdul Razig,Q112325279,Education,2011-12-27,2017-05-12,Q112325766-4EEDCD82-636E-4167-958C-5D16ED68AAC9
Q112325767,Sua’ad al-Karib,Q112325320,Welfare and Social Security,2019-03-13,2019-04-11,Q112325767-688DCB4A-2C3A-48C6-9512-674CC0FD5FE2
Q112325795,Suhair Ahmed Salah,Q111192544,Higher Education and Scientific Research,2019-03-13,2019-04-11,Q112325795-1B712FAE-1947-4B6D-80BB-8D762DBC28AB
Q112325796,Sumaya Mohammed Ahmed Abu-Kashawa,Q111192544,Higher Education and Scientific Research,2013-12-08,2018-09-09,Q112325796-9E91BE89-408D-45F5-9ED4-90A1A3F70434
Q112325797,Tabita Sokaya,Q112325286,Health,2005-09-21,2010-06-16,Q112325797-4BA1CCFE-7CD8-4341-BA8C-B463D15DA862
Q112325798,Tahani Abdallah Attiya,Q111192637,Science and Communications,2013-12-08,2015-06-07,Q112325798-12637997-74E2-4663-8506-E8B398998131
Q112325798,Tahani Abdallah Attiya,Q112325275,Communications and Information Technology,2015-06-07,2018-09-09,Q112325798-42863E4F-30D4-4548-89E8-245D098F961D
Q112325799,Tayyar Abdallah Ali Safi al-Nur,Q112325274,Minister of Cabinet Affairs,2003-05-08,2005-09-21,Q112325799-72642673-0952-41C1-8E9B-B5D90F992619
Q112325800,Umar Sulayman Ibrahim,Q112325276,"Culture, Tourism, and Antiquities",2018-09-09,2019-03-13,Q112325800-C1FBF8BF-3BA9-426A-B505-3E151F45B740
Q112325801,Widad Yacub Ibrahim Uthman,Q112325320,Welfare and Social Security,2018-09-09,2019-03-13,Q112325801-084BEA50-7C50-4F99-9975-D6335A03AACB
Q112325802,Yahiya Abdalla Mohamed Hamad,Q112325275,Communications and Information Technology,2010-06-16,2011-12-27,Q112325802-8AAC34E7-9269-473D-8874-A802ECB4C102
Q112325803,Yusuf Sulayman Takana,Q112325293,International Cooperation,2002-08-19,2005-09-21,Q112325803-6E6B70C0-C2B8-4BC4-AE3F-782E3E68C04F
Q112325804,al-Dirdiri Muhammad Ahmad,Q109984815,Foreign Affairs,2018-05-14,2019-04-11,Q112325804-B89ED2D5-219D-46D0-A1CA-1D0F43631E34
Q112325805,al-Saddiq Majouba Al-Tayeb,Q112325286,Health,2019-03-13,2019-04-11,Q112325805-98F12EEE-C1CA-4CBF-B1C2-BCA464C9985C
Q112325806,al-Semaih al-Siddiq al-Nur,Q112325290,Industry,2013-12-08,2015-06-07,Q112325806-C0097074-F7A7-4A9E-98C4-1B77B579CA41
Q112325808,el Hadi Abdallah,Q112325292,Interior,2000-07-10,2001-02-23,Q112325808-EFC659DB-169E-4A75-9F36-88CF2051BE67
Q112325809,el Tijani Adam el Tahir,Q112325282,Environment and Construction Development,2001-02-23,2005-09-21,Q112325809-2097C7FE-C6F2-437B-B0AD-03054959F7B6
Q112325809,el Tijani Adam el Tahir,Q112325314,Tourism,2000-01-24,2001-02-23,Q112325809-3873ABF6-9588-442C-81DF-B680508D944A
Q112674333,Issa Osman Sharif,Q112325266,Minister of Agriculture,2019-09-08,2020-07-09,Q112674333-0D5B009D-69EF-4CEA-91CE-DFAE2D9FD4A7
Q112674337,Omar Munis,Q112325274,Minister of Cabinet Affairs,2019-09-08,2021-02-09,Q112674337-D052C3B7-DB95-405A-ADB9-74E6C63822E2
Q112674342,Mohammed el-Amin el-Tom,Q112325279,Minister of Education,2019-09-08,,Q112674342-AE765C6D-0B80-4DD2-ADE5-1865D604FB41
Q112674343,Adel Ibrahim,Q112325281,Minister of Energy and Mining,2019-09-08,2020-07-09,Q112674343-0D702F96-D443-45E1-85DE-AA709B2DE9BC
Q112674346,Youssef Adam Aldai,Q112325284,Minister of Federal Government,2019-09-08,2021-02-09,Q112674346-E7518BCF-00A4-4766-961D-9F011C7D1BB5
Q112674349,Akram Ali Altom,Q112325286,Minister of Health of Sudan,2019-09-08,2020-07-09,Q112674349-FCC7D66C-C249-46A8-AE01-30D608E49ADA
Q112674352,Madani Abbas Madani,Q112325290,Minister of Industry,2019-09-08,2021-02-09,Q112674352-A5F6D36E-15A4-49D6-A987-0FE832EA39F8
Q112674354,Hashim Tahir Sheikh Taha,Q112325317,Minister of Transport,2019-10-15,2020-07-09,Q112674354-40FACE08-953A-4C9C-A570-61ACBCE21D69
Q112674357,Idriss al-Traifi,Q112325292,Minister of Interior,2019-09-08,2021-02-09,Q112674357-56BB530A-BC48-4D37-9A26-54F30920FB1D
Q112674360,Yasser Abbas Mohamed Ali,Q112325296,Minister of Irrigation and Water Resources,2019-09-08,,Q112674360-FAFC6F65-74C8-461A-B855-9D3B42942805
Q112674361,Alam al-Din Abdallah Abashar,Q112674296,Minister of Livestock and Fisheries,2019-10-15,2020-07-09,Q112674361-F6F85309-4E9B-4079-A6DB-192C6E29063E
Q112674365,Nasr al-Din Mufreh,Q112325308,Minister of Religious Affairs,2019-09-08,,Q112674365-5AF57A01-147B-4206-A8AA-DA8D2FBAB895
Q11995405,Peter Adwok Nyaba,Q111192544,Higher Education and Scientific Research,2008-09-14,2011-12-27,Q11995405-D7D51FC3-6AD8-4AF1-A295-B88C6A78CBB6
Q12228166,Ali Ahmed Karti,Q109984815,Foreign Affairs,2010-06-16,2015-06-07,Q12228166-D3AA220E-E94D-4998-A7D6-91AB2DF69C3D
Q12229359,Ghazi Salahedine Atabanai,Q112325275,Communications and Information,2001-02-23,2001-06-14,Q12229359-05681A00-B5A1-4C00-A71C-A35C9AE8C9A2
Q12229359,Ghazi Salahedine Atabanai,Q112325276,Culture and Information,1998-03-09,2001-02-23,Q12229359-1BAF9267-DC86-4F34-A54B-C0CABACD3D3F
Q15700032,Bakri Hassan Saleh,Q7925069,Vice-President,2013-12-07,2019-02-23,Q15700032-06D9F8A9-73FC-4D88-9E55-77165FE4A48D
Q15700032,Bakri Hassan Saleh,Q30100623,Vice-President and Prime Minister,2017-03-02,2018-09-10,Q15700032-0725b25b-4978-a04c-b2eb-5ad7464afb68
Q15700032,Bakri Hassan Saleh,Q112325306,Presidential Affairs,2005-09-21,2013-12-08,Q15700032-11A4D5A1-39F3-4C4C-B9AE-6BB78DF6D8B5
Q15700032,Bakri Hassan Saleh,Q85851442,Defence,2000-07-10,2005-09-21,Q15700032-6964FCFB-A1FB-4098-8E07-426DD58D311E
Q15700032,Bakri Hassan Saleh,Q7925069,Vice-President,2013-12-08,2017-03-01,Q15700032-8C04A3A8-0E8C-4BF1-A9D1-2F01219163C9
Q15700032,Bakri Hassan Saleh,Q112325306,Presidential Affairs,1998-03-09,2000-07-10,Q15700032-98EA69D2-8896-47D9-B42D-792D92F60C28
Q16127041,Hassabo Mohamed Abdel Rahman,Q7925069,Vice-President,2013-12-07,2018-09-10,Q16127041-9CA7B833-5E4A-4D0B-9B50-F3844882172A
Q16204805,Riek Gai,Q112325268,Animal Health,2001-02-23,2005-09-21,Q16204805-50168ED0-78CA-4DB9-A1BF-B660C84BBFC7
Q167444,John Garang,Q7925069,Vice-President,2005-07-09,2005-07-30,Q167444-89960418-09C2-404C-9883-705CB7581F5A
Q19605286,Al-Haj Adam Yousif,Q7925069,Vice-President,2011-09-13,2013-12-07,Q19605286-20348AAF-D566-4C55-9390-918C4F0167C4
Q19605286,Al-Haj Adam Yousif,Q112325266,Agriculture,2000-01-24,2000-07-10,Q19605286-D312422B-8D49-4E11-857A-AD4C285A5457
Q2046108,Pagan Amum Okiech,Q112325274,Minister of Cabinet Affairs,2007-12-26,2008-09-14,Q2046108-CB6D7038-8415-4FD6-B228-9BE59D3972BD
Q2161477,Osman Yusuf Kibir,Q7925069,Vice-President,2018-09-10,2019-04-11,Q2161477-176A0617-129B-4C6A-BC45-9093696D9004
Q21933547,Ibrahim Ghandour,Q109984815,Foreign Affairs,2015-06-07,2018-04-19,Q21933547-A5D1A38F-4339-4ECE-8391-768D965CACDD
Q22949078,Ahmed Awad Ibn Auf,Q7925069,Vice President of Sudan,2019-02-23,2019-04-11,Q22949078-122B4A5D-77F0-49FD-BFB9-881779A51951
Q23540905,George Kongor Arop,Q7925069,Vice-President,1995-08-12,2000-10-14,Q23540905-E8A9940F-209D-4868-8A31-46C222B14003
Q23541055,Moses Machar,Q7925069,Vice-President,2001-02-23,2005-07-09,Q23541055-49A72172-6980-4434-88E3-E0CA396A1363
Q27654948,Abdalla Hamdok,Q30100623,Prime Minister of Sudan,2019-08-21,2021-10-25,Q27654948-270e7996-4b95-4727-b044-606ef021bb42
Q27654948,Abdallah Hamdok,Q105926147,Finance and Economic Planning,2018-09-09,2018-09-15,Q27654948-FF55D8C9-BB28-4EE3-A332-93F532180979
Q286743,Hatim Al-Sir,Q112325315,Trade,2017-05-12,2018-09-09,Q286743-592B5D4D-CBE6-45A0-BE8A-E1AED026DDF5
Q286743,Hatim Al-Sir,Q112325317,Transport and Urban Development,2018-09-09,2019-04-11,Q286743-F41EC055-C0FA-4474-A27A-7241C58D27AC
Q307796,Abdel Rahmi Mohamed Hussein,Q112325292,Interior,1998-03-09,2000-07-10,Q307796-65DB020B-B002-4A33-B29A-E61AD9B0EDD3
Q307796,Abdel Rahmi Mohamed Hussein,Q85851442,Defence,2005-09-21,2015-06-07,Q307796-8B0BC5D1-779C-4B98-B94D-2AD209F30836
Q307796,Abdel Rahmi Mohamed Hussein,Q112325292,Interior,2001-02-23,2005-09-21,Q307796-AC541664-BE82-41CF-AF4B-415B26F6DBA6
Q307796,Abdel Rahmi Mohamed Hussein,Q112325306,Presidential Affairs,2000-07-10,2001-02-23,Q307796-E9EFB361-9A07-4D8E-A1B9-417FBE40989E
Q400652,Ahmed Haroun,Q112325292,Minister of Interior,2003-04-01,2005-09-01,Q400652-830FD134-18EE-41EE-B75C-E83A34441C6E
Q4695771,Ahmed Bilal Osman,Q112325291,Information,2012-04-30,2012-07-09,Q4695771-02856FE9-0917-49B1-8381-2F72961B838C
Q4695771,Ahmed Bilal Osman,Q112325286,Health,2001-02-23,2005-09-21,Q4695771-0F51C4A4-53D3-4EA2-968E-AF6CB77F1B2F
Q4695771,Ahmed Bilal Osman,Q112325292,Interior,2018-09-09,2019-03-13,Q4695771-33A495D5-B568-4508-9977-212582939FE7
Q4695771,Ahmed Bilal Osman,Q112325291,Information,2013-12-08,2018-09-09,Q4695771-51565106-039D-42A4-968B-DD0C2D4CBF91
Q4695771,Ahmed Bilal Osman,Q112325276,Culture and Information,2012-07-09,2013-12-08,Q4695771-55213448-2789-457E-978C-1BE41E732984
Q48728938,Mohammed Tahir Ella,Q30100623,"Prime Minister, Finance, and Economic Planning",2019-02-23,2019-03-13,Q48728938-00AFA437-591D-4353-AFA0-59CECAC3E293
Q48728938,Mohammed Tahir Ella,Q30100623,Prime Minister,2019-03-13,2019-04-11,Q48728938-291E0FFD-77F8-4EE1-97C1-049722147847
Q50379451,Albino Akol Akol,Q109984815,Foreign Affairs,2005-09-21,2007-12-26,Q50379451-6D41BDB0-37C3-44DD-B0F2-80D26137D412
Q50379451,Albino Akol Akol,Q112325317,Transport,1996-04-21,2002-08-19,Q50379451-E47FF820-4669-409A-B356-17029702056B
Q5256910,Deng Alor Kuol,Q112325274,Minister of Cabinet Affairs,2005-09-21,2007-12-26,Q5256910-06D5CC86-437C-4D7D-AD0B-8FC716542C6F
Q5256910,Deng Alor Kuol,Q109984815,Foreign Affairs,2007-12-26,2010-06-16,Q5256910-2410DF83-9312-4784-B966-AB53A67E209F
Q5431080,Faisal Saleh,Q112325276,Minister of Culture,2019-09-08,2021-02-09,Q5431080-947F3BBC-240E-4098-BECD-12D28308D0FF
Q56556415,Muattaz Musa Abdallah Salim,Q112325318,"Water Resources, Irrigation, and Electricity",2015-06-07,2018-09-09,Q56556415-45C04143-F6D0-4E38-B9C5-88CC4F701019
Q56556415,Muattaz Musa Abdallah Salim,Q30100623,Prime Minister,2018-09-09,2018-09-15,Q56556415-68EAC0AA-9ECE-4754-909A-19A95B00186A
Q56556415,Muattaz Musa Abdallah Salim,Q30100623,"Prime Minister, Finance, and Economic Planning",2018-09-15,2019-02-23,Q56556415-99982770-EF03-4BDA-B9B6-AA6B63294119
Q56556415,Muattaz Musa Abdallah Salim,Q112325318,Water Resources and Electricity,2013-12-08,2015-06-07,Q56556415-B215F33B-D2D9-415C-A610-EF483787436D
Q57265,Lt-Gen Umar Hasan Ahmad al-Bashir,Q30100623,Prime Minister,1993-10-30,2002-08-19,Q57265-33B05D9F-B348-4684-A0B8-9154D29BF5F2
Q57265,Lt-Gen Umar Hasan Ahmad al-Bashir,Q14948193,President and Prime Minister,1989-06-30,2019-04-11,Q57265-60477ef0-44e4-de94-5eaf-49dc3a29ee5f
Q57315,Salva Kiir Mayardit,Q7925069,Vice-President,2005-08-11,2011-07-09,Q57315-3A6D6A7E-9F7D-4355-AC7C-B816CEC32FB5
Q5984644,Ibrahim Mahmoud Hamad,Q112325266,Agriculture,2013-12-08,2015-06-07,Q5984644-6458B26E-35B0-41F4-A721-BC28D2E27B57
Q5984644,Ibrahim Mahmoud Hamad,Q112325289,Humanitarian Affairs,2002-11-30,2005-09-21,Q5984644-66F44929-9F5E-465A-A013-127DF7B4C683
Q5984644,Ibrahim Mahmoud Hamad,Q112325292,Interior,2008-02-13,2013-12-08,Q5984644-AE69BAAD-F41A-439E-A97C-FD961F44B9B0
Q5984644,Ibrahim Mahmoud Hamad,Q112325292,Interior,2018-05-14,2018-09-09,Q5984644-BDD4930F-4C05-4D84-9C11-C08A0B9A9257
Q63145660,Mohamed Hamdan Daglo,Q112315913,Deputy Chairman of the Sovereignty Council,2019-08-21,2021-10-24,Q63145660-54379309-A3D0-4C39-9F03-720164230F9B
Q63145660,Mohamed Hamdan Daglo,Q112315909,Deputy Chairman of the Transitional Military Council,2019-04-13,2019-08-21,Q63145660-BC988DC1-04B7-45C1-983D-5C2C464E2B30
Q67162677,Intisar el-Zein Soghayroun,Q111192544,Minister of Higher Education and Scientific Research,2019-09-08,,Q67162677-ECD0BFC9-AC8A-466D-AAD3-49123E821804
Q67163842,Wala'a Essam al-Boushi,Q112325322,Minister of Youth and Sports,2019-09-08,2021-02-09,Q67163842-E8BEE625-21CC-4F67-A432-ECF9ECACDEDC
Q67199752,Kamal Abdelmarouf,Q112315909,Deputy Chairman of the Transitional Military Council,2019-04-11,2019-04-13,Q67199752-341E81E2-7BBD-4580-BF11-6DE070B52CA7
Q67201470,Asma Mohamed Abdalla,Q109984815,Minister of Foreign Affairs,2019-09-08,2020-07-09,Q67201470-A3176C0B-9E1C-4603-894E-968367E0F70E
Q67222756,Lena el-Sheikh Mahjoub,Q112325298,Minister of Labour,2019-09-08,2021-02-09,Q67222756-E847FE1B-C0A3-4A0E-9444-485CA8F94B7B
Q6930870,Mubarak Abdullahi El-Fadil El-Mahdi,Q112325294,Investment,2017-05-12,2018-09-09,Q6930870-C56768DA-3F5F-4752-B4DF-E821D70B87CB
Q6943310,Moustafa Osmane Ismail,Q109984815,Foreign Affairs,1998-02-12,2005-09-21,Q6943310-1E10F584-DDF7-491E-9294-26090065FCBA
Q6943310,Moustafa Osmane Ismail,Q112325294,Investment,2013-12-08,2015-06-07,Q6943310-7E3E6873-E940-409E-A0C6-D90F2D754A2A
Q80189081,Nasreldin Abdelbari,Q112325297,Minister of Justice,2019-09-09,,Q80189081-74656B9F-3E75-42DF-829A-77C8B6A97C0C
Q88511256,Jamal Aldin Omar,Q85851442,Minister of Defence,2019-09-08,2020-03-25,Q88511256-5E83C732-E9DA-4F0E-BE25-A767E7F80333
Q937264,Ali Osman Mohamed Taha,Q7925069,Vice-President,2005-07-09,2011-09-13,Q937264-243A9344-F574-4DD2-AF24-5000C3ED1C15
Q937264,Ali Osman Mohamed Taha,Q7925069,Vice-President,2011-09-13,2013-12-06,Q937264-47E17F14-DB61-48CB-8A43-74699ACAD309
Q937264,Ali Osman Mohamed Taha,Q7925069,Vice-President,1998-02-01,2005-01-09,Q937264-E7A820EC-2D48-4D34-B6E4-F1838C3E95B6
Q96632057,Ibrahim Elbadawi,Q105926147,Minister of Finance and Economy,2019-09-08,2020-07-09,Q96632057-f7e62a52-47fd-e84c-6e7c-247cd9ab241b
